{
	"AWSEBDockerrunVersion": 2,
	"containerDefinitions": [
	  {
	    "name": "nstageback",
	    "image": "303247004675.dkr.ecr.eu-west-1.amazonaws.com/pms-integration:back",
	    "essential": true,
	    "memory": 733,
	    "portMappings": [
	      {
	        "hostPort": 8000,
	        "containerPort":8000            
	      }
	    ],
	    "links": [
	    	"nstagefront"
	    ]
	  },
	  {
	  	"name": "nstagefront",
	  	"image": "303247004675.dkr.ecr.eu-west-1.amazonaws.com/pms-integration:front",
	  	"memory": 500,
	  	"portMappings": [
	  		{
	  			"hostPort": 80,
	  			"containerPort": 3000
	  		}
	  	]
	  }
	]
}